{
    "accuracy": 0.7532467532467533,
    "f1_score": 0.7313131313131314
}